SITE.ID,I.or.C,DATE,Genotype,Original.tile.number,Tile.number,DONOR.SITE,Bush.length,Bush.weight,June.tip.length.tot..cm.,July.tip.length.tot..cm.,Change.tip.length.tot..cm.,Change.tip.length.tot..cm..day,Tip..base..width..cm.,Tot.tip.width..cm.,Tip.wet.weight.June..g.,Tip.dry.weight.June.ww_dw_ratio..g.,Tip.wet.weight.July..g.,Tip.dry.weight.July..g.,Apikal.tips..amount.,Bladders..amount.,Comments,Fucus.ID.key,Genotype.origin,Tip.dry.weight.change
OK,Impact,29.07.2025,A,1,1,Immers 1,47.2,270.2,7.4,12.7,5.3,0.115217391,2,11.4,3.25,0.483852703,5.3,1.153,8,6,,OK1A,Control,0.669147297
OK,Impact,29.07.2025,A,2,2,Immers 1,47.2,270.2,8.4,11.5,3.1,0.067391304,1.6,4.1,1.55,0.23076052,2.8,0.6534,5,4,,OK2A,Control,0.42263948
OK,Impact,29.07.2025,A,3,3,Immers 1,47.2,270.2,8.1,10.4,2.3,0.05,1.6,3.5,1.66,0.247137073,2.4,0.4858,4,3,,OK3A,Control,0.238662927
SH,Impact,29.07.2025,A,2,4,Immers 1,47.2,270.2,10.1,15.4,5.3,0.117777778,1.7,11,2.71,0.403458715,4.8,1.1108,7,5,,SH2A,Control,0.707341285
SH,Impact,29.07.2025,A,3,5,Immers 1,47.2,270.2,8.5,13.3,4.8,0.106666667,2.1,9.8,2.18,0.324553505,4.2,1.0054,6,4,,SH3A,Control,0.680846495
FL,Impact,29.07.2025,A,1,6,Immers 1,47.2,270.2,8,14.5,6.5,0.144444444,1.4,9.3,2.53,0.37666072,4.5,1.0161,9,5,,FL1A,Control,0.63943928
FL,Impact,29.07.2025,A,2,7,Immers 1,47.2,270.2,8.9,12.9,4,0.088888889,1.7,7.9,3.93,0.585089576,3.5,0.7936,6,6,,FL2A,Control,0.208510424
FL,Impact,29.07.2025,A,3,8,Immers 1,47.2,270.2,9.5,13.3,3.8,0.084444444,2.1,11.7,2.99,0.445144487,6.1,1.2681,12,6,,FL3A,Control,0.822955513
KK,Impact,29.07.2025,A,1,9,Immers 1,47.2,270.2,9,11.5,2.5,0.055555556,2,12.6,3.08,0.458543485,6.9,1.5007,28,7,,KK1A,Control,1.042156515
KK,Impact,29.07.2025,A,2,10,Immers 1,47.2,270.2,8.2,11.8,3.6,0.08,2,7.3,3.54,0.527027252,3.7,0.8271,7,5,,KK2A,Control,0.300072748
SK,Control,29.07.2025,A,1,11,Immers 1,47.2,270.2,9.1,12,2.9,0.063043478,1.6,10.3,2.57,0.38261583,4.5,0.9992,13,4,,SK1A,Control,0.61658417
SK,Control,29.07.2025,A,2,12,Immers 1,47.2,270.2,9,12,3,0.065217391,2.1,10,2.99,0.445144487,6.5,1.4067,16,10,,SK2A,Control,0.961555513
SK,Control,29.07.2025,A,3,13,Immers 1,47.2,270.2,8.7,12,3.3,0.07173913,1.8,13.2,3.03,0.451099597,5.8,1.3073,15,7,,SK3A,Control,0.856200403
AL,Control,29.07.2025,A,1,14,Immers 1,47.2,270.2,7.7,11.2,3.5,0.076086957,1.6,11.3,1.83,0.272446291,3.7,0.7868,14,4,,AL1A,Control,0.514353709
AL,Control,29.07.2025,A,2,15,Immers 1,47.2,270.2,8.2,11.6,3.4,0.073913043,2,10.4,1.89,0.281378957,4,0.8738,11,4,,AL2A,Control,0.592421043
AL,Control,29.07.2025,A,3,16,Immers 1,47.2,270.2,8.6,12.5,3.9,0.084782609,1.8,13,3.69,0.549358915,7.3,1.5326,27,10,,AL3A,Control,0.983241085
VL,Control,29.07.2025,A,1,17,Immers 1,47.2,270.2,8.2,10.6,2.4,0.052173913,2.4,14,3.24,0.482363926,6.6,1.4214,16,11,,VL1A,Control,0.939036074
VL,Control,29.07.2025,A,2,18,Immers 1,47.2,270.2,9.5,12,2.5,0.054347826,2.3,9.8,2.57,0.38261583,5.4,1.205,14,4,,VL2A,Control,0.82238417
VL,Control,29.07.2025,A,3,19,Immers 1,47.2,270.2,8.1,11,2.9,0.063043478,1.8,8,2.38,0.354329056,4,0.8796,9,4,,VL3A,Control,0.525270944
JO,Control,29.07.2025,A,1,20,Immers 1,47.2,270.2,10.8,15.1,4.3,0.093478261,1.8,11.5,4.52,0.672927452,6.3,1.4595,20,4,,JO1A,Control,0.786572548
JO,Control,29.07.2025,A,2,21,Immers 1,47.2,270.2,8.2,11.9,3.7,0.080434783,2,6.5,1.76,0.262024848,3.7,0.8419,9,4,,JO2A,Control,0.579875152
JO,Control,29.07.2025,A,3,22,Immers 1,47.2,270.2,8.2,12.2,4,0.086956522,1.6,10,1.7,0.253092183,3.9,0.863,11,5,,JO3A,Control,0.609907817
OK,Impact,29.7.2025,B,1,23,Immers 2,36.2,177.5,8.3,12,3.7,0.080434783,1.6,12.5,2.62,0.390059718,5.1,1.0709,14,5,,OK1B,Control,0.680840282
OK,Impact,29.7.2025,B,2,24,Immers 2,36.2,177.5,8.5,12,3.5,0.076086957,1.2,9.3,3.09,0.460032262,4.5,0.9249,11,4,,OK2B,Control,0.464867738
OK,Impact,29.7.2025,B,3,25,Immers 2,36.2,177.5,8,10.9,2.9,0.063043478,1.4,11.1,2.4,0.357306612,3.8,0.7813,11,5,,OK3B,Control,0.423993388
SH,Impact,29.7.2025,B,1,26,Immers 2,36.2,177.5,9.1,14.2,5.1,0.113333333,1.3,8.9,2.39,0.355817834,4.1,0.9086,7,5,,SH1B,Control,0.552782166
SH,Impact,29.7.2025,B,2,27,Immers 2,36.2,177.5,8.2,13.6,5.4,0.12,1.5,10.6,2.33,0.346885169,4.3,0.9474,13,4,,SH2B,Control,0.600514831
SH,Impact,29.7.2025,B,3,28,Immers 2,36.2,177.5,8,12.3,4.3,0.095555556,1.4,8.8,1.87,0.278401401,3.6,0.8314,8,5,,SH3B,Control,0.552998599
FL,Impact,29.7.2025,B,1,29,Immers 2,36.2,177.5,9,12.9,3.9,0.086666667,1.5,9,2.17,0.323064728,4.9,1.0576,16,4,,FL1B,Control,0.734535272
FL,Impact,29.7.2025,B,2,30,Immers 2,36.2,177.5,8.9,13.2,4.3,0.095555556,1.7,9.5,2.39,0.355817834,4,0.9255,8,3,,FL2B,Control,0.569682166
FL,Impact,29.7.2025,B,3,31,Immers 2,36.2,177.5,9.2,12.6,3.4,0.075555556,2.1,12.3,2.53,0.37666072,4.5,0.9497,14,4,,FL3B,Control,0.57303928
KK,Impact,29.7.2025,B,1,32,Immers 2,36.2,177.5,8.8,12.9,4.1,0.091111111,1.6,11.7,3.24,0.482363926,5.2,1.0886,16,2,,KK1B,Control,0.606236074
KK,Impact,29.7.2025,B,2,33,Immers 2,36.2,177.5,8.1,11.2,3.1,0.068888889,1.2,8.2,2.68,0.398992383,2.8,0.5451,8,2,,KK2B,Control,0.146107617
SK,Control,29.7.2025,B,1,34,Immers 2,36.2,177.5,7.7,11.2,3.5,0.076086957,1.8,5.3,2.27,0.337952503,3.8,0.8095,7,4,,SK1B,Control,0.471547497
SK,Control,29.7.2025,B,2,35,Immers 2,36.2,177.5,7.5,11.5,4,0.086956522,1.5,6.4,2,0.29775551,3.7,0.7411,4,4,,SK2B,Control,0.44334449
SK,Control,29.7.2025,B,3,36,Immers 2,36.2,177.5,7.5,11.6,4.1,0.089130435,1.5,6.7,2.19,0.326042283,3.9,0.8768,6,4,,SK3B,Control,0.550757717
AL,Control,29.7.2025,B,1,37,Immers 2,36.2,177.5,8.4,9.3,0.9,0.019565217,1.8,6.3,2.04,0.30371062,2,0.3786,8,0,,AL1B,Control,0.07488938
AL,Control,29.7.2025,B,2,38,Immers 2,36.2,177.5,9.4,12.8,3.4,0.073913043,1.7,10.4,2.98,0.443655709,4.7,1.0184,12,2,,AL2B,Control,0.574744291
AL,Control,29.7.2025,B,3,39,Immers 2,36.2,177.5,7.9,11.2,3.3,0.07173913,1.6,7.5,2.25,0.334974948,2.9,0.594,11,0,,AL3B,Control,0.259025052
VL,Control,29.7.2025,B,1,40,Immers 2,36.2,177.5,8.3,10.9,2.6,0.056521739,1.4,11.5,2.26,0.336463726,4.1,0.8739,13,3,,VL1B,Control,0.537436274
VL,Control,29.7.2025,B,2,41,Immers 2,36.2,177.5,9,11.7,2.7,0.058695652,1.4,16,3.15,0.468964928,4.7,0.9961,15,3,,VL2B,Control,0.527135072
VL,Control,29.7.2025,B,3,42,Immers 2,36.2,177.5,9.2,11.6,2.4,0.052173913,1.5,15,3.42,0.509161921,6.1,1.3086,22,2,,VL3B,Control,0.799438079
JO,Control,29.7.2025,B,1,43,Immers 2,36.2,177.5,8.3,12.6,4.3,0.093478261,1.5,9,2.78,0.413880158,4.8,0.9767,16,1,,JO1B,Control,0.562819842
JO,Control,29.7.2025,B,2,44,Immers 2,36.2,177.5,8.1,11.7,3.6,0.07826087,1.4,8.2,2.3,0.342418836,4.8,0.9816,15,3,,JO2B,Control,0.639181164
JO,Control,29.7.2025,B,3,45,Immers 2,36.2,177.5,9.2,13.5,4.3,0.093478261,1.5,14.4,2.22,0.330508616,4.1,0.9367,11,1,,JO3B,Control,0.606191384
OK,Impact,29.07.2025,C,1,46,Kukureis 1,32,135.7,8.3,12,3.7,0.080434783,1,12.1,3.38,0.503206811,5.6,1.3253,9,8,,OK1C,Control,0.822093189
OK,Impact,29.07.2025,C,2,47,Kukureis 1,32,135.7,10,13.2,3.2,0.069565217,1.6,8.7,2.68,0.398992383,4.5,1.0635,8,4,,OK2C,Control,0.664507617
OK,Impact,29.07.2025,C,3,48,Kukureis 1,32,135.7,8.6,10.1,1.5,0.032608696,1.6,8.7,2.17,0.323064728,3.1,0.6508,16,6,,OK3C,Control,0.327735272
SH,Impact,29.07.2025,C,1,49,Kukureis 1,32,135.7,10.6,14,3.4,0.075555556,1.9,12.2,3.89,0.579134466,6.4,1.3806,27,8,,SH1C,Control,0.801465534
SH,Impact,29.07.2025,C,2,50,Kukureis 1,32,135.7,11.2,15.2,4,0.088888889,2.1,11.2,4.34,0.646129456,6.9,1.6152,12,8,,SH2C,Control,0.969070544
SH,Impact,29.07.2025,C,3,51,Kukureis 1,32,135.7,9,13.7,4.7,0.104444444,2,11,2.62,0.390059718,4.5,1.0732,22,4,,SH3C,Control,0.683140282
FL,Impact,29.07.2025,C,1,52,Kukureis 1,32,135.7,8.8,15,6.2,0.137777778,1.8,9.9,2.53,0.37666072,4.2,1.0122,4,4,,FL1C,Control,0.63553928
FL,Impact,29.07.2025,C,2,53,Kukureis 1,32,135.7,9.5,12.8,3.3,0.073333333,1.9,13.1,3.36,0.500229256,6.3,,37,8,,FL2C,Control,
FL,Impact,29.07.2025,C,3,54,Kukureis 1,32,135.7,9,13.7,4.7,0.104444444,1.8,7.7,1.93,0.287334067,3.9,0.8561,15,4,,FL3C,Control,0.568765933
KK,Impact,29.07.2025,C,1,55,Kukureis 1,32,135.7,8.8,11.3,2.5,0.055555556,1.5,11.6,2.15,0.320087173,3.7,0.9057,7,4,,KK1C,Control,0.585612827
KK,Impact,29.07.2025,C,2,56,Kukureis 1,32,135.7,9.5,12.5,3,0.066666667,1.3,11.2,2.32,0.345396391,4.4,1.0341,9,6,,KK2C,Control,0.688703609
SK,Control,29.07.2025,C,1,57,Kukureis 1,32,135.7,11.2,13.7,2.5,0.054347826,2,12.1,4.76,0.708658113,7.1,1.6824,19,8,,SK1C,Control,0.973741887
SK,Control,29.07.2025,C,2,58,Kukureis 1,32,135.7,10.1,13.3,3.2,0.069565217,1.4,6.7,3.16,0.470453705,5,1.223,13,8,,SK2C,Control,0.752546295
SK,Control,29.07.2025,C,3,59,Kukureis 1,32,135.7,8.9,11.7,2.8,0.060869565,1.7,7.1,2.19,0.326042283,3.6,0.8942,6,4,,SK3C,Control,0.568157717
AL,Control,29.07.2025,C,1,60,Kukureis 1,32,135.7,8.8,12.6,3.8,0.082608696,1.7,7.9,2.28,0.339441281,3.8,0.8585,15,4,,AL1C,Control,0.519058719
AL,Control,29.07.2025,C,2,61,Kukureis 1,32,135.7,8.1,11,2.9,0.063043478,1.6,9,3.05,0.454077152,5.4,1.2317,27,6,,AL2C,Control,0.777622848
AL,Control,29.07.2025,C,3,62,Kukureis 1,32,135.7,10.6,14.2,3.6,0.07826087,1.7,8.9,1.89,0.281378957,3.6,,13,5,,AL3C,Control,
VL,Control,29.07.2025,C,1,63,Kukureis 1,32,135.7,9.2,11.2,2,0.043478261,1.5,10.6,1.88,0.279890179,3,0.7081,4,4,,VL1C,Control,0.428209821
VL,Control,29.07.2025,C,2,64,Kukureis 1,32,135.7,10.8,14.1,3.3,0.07173913,1.4,9.2,2.77,0.412391381,5,1.1678,11,5,,VL2C,Control,0.755408619
VL,Control,29.07.2025,C,3,65,Kukureis 1,32,135.7,8.6,10.3,1.7,0.036956522,1.6,11,2.74,0.407925048,4.6,1.0398,32,8,,VL3C,Control,0.631874952
JO,Control,29.07.2025,C,1,66,Kukureis 1,32,135.7,9.5,14,4.5,0.097826087,2,10.1,4.46,0.663994786,7.3,1.6875,29,8,,JO1C,Control,1.023505214
JO,Control,29.07.2025,C,3,67,Kukureis 1,32,135.7,9.4,13,3.6,0.07826087,1.2,9.2,3.3,0.491296591,5.7,1.3248,12,7,,JO3C,Control,0.833503409
OK,Impact,29.7.2025,D,1,68,Kukureis 2,47.3,351.5,8.4,10.8,2.4,0.052173913,1.7,10.4,2,0.29775551,3.5,0.8585,14,5,,OK1D,Control,0.56074449
OK,Impact,29.7.2025,D,2,69,Kukureis 2,47.3,351.5,8.4,10.5,2.1,0.045652174,1.8,10.5,1.45,0.215872744,3,0.697,12,1,,OK2D,Control,0.481127256
OK,Impact,29.7.2025,D,3,70,Kukureis 2,47.3,351.5,9.4,10.3,0.9,0.019565217,1.7,10.9,2.44,0.363261722,3.8,0.9482,20,0,,OK3D,Control,0.584938278
SH,Impact,29.7.2025,D,1,71,Kukureis 2,47.3,351.5,8.6,12.4,3.8,0.084444444,2,10.7,2.14,0.318598395,3.7,0.8552,12,5,,SH1D,Control,0.536601605
SH,Impact,29.7.2025,D,2,72,Kukureis 2,47.3,351.5,9.4,12.1,2.7,0.06,1.8,10.9,2.81,0.418346491,4.9,1.1674,21,2,,SH2D,Control,0.749053509
SH,Impact,29.7.2025,D,3,73,Kukureis 2,47.3,351.5,8,12.4,4.4,0.097777778,2,12,1.97,0.293289177,4.3,1.0868,22,2,,SH3D,Control,0.793510823
FL,Impact,29.7.2025,D,1,74,Kukureis 2,47.3,351.5,8,10.5,2.5,0.055555556,1.7,10.9,1.81,0.269468736,4.4,1.0387,26,2,,FL1D,Control,0.769231264
FL,Impact,29.7.2025,D,2,75,Kukureis 2,47.3,351.5,8.3,12.3,4,0.088888889,1.8,9,1.55,0.23076052,3.3,0.7784,12,2,,FL2D,Control,0.54763948
FL,Impact,29.7.2025,D,3,76,Kukureis 2,47.3,351.5,9.5,12.3,2.8,0.062222222,1.5,9.7,2.49,0.370705609,5,1.0856,28,0,,FL3D,Control,0.714894391
KK,Impact,29.7.2025,D,1,77,Kukureis 2,47.3,351.5,9.1,11,1.9,0.042222222,1.5,12.2,2.97,0.442166932,6.2,1.4756,26,0,,KK1D,Control,1.033433068
KK,Impact,29.7.2025,D,2,78,Kukureis 2,47.3,351.5,9.6,12.6,3,0.066666667,2,10,2.44,0.363261722,4.3,0.9781,18,3,,KK2D,Control,0.614838278
SK,Control,29.7.2025,D,1,79,Kukureis 2,47.3,351.5,9.4,12.1,2.7,0.058695652,1.9,10.9,2.14,0.318598395,4.1,1.0505,12,4,,SK1D,Control,0.731901605
SK,Control,29.7.2025,D,2,80,Kukureis 2,47.3,351.5,8.2,9.8,1.6,0.034782609,2,13,2.17,0.323064728,4.2,1.0142,28,0,,SK2D,Control,0.691135272
SK,Control,29.7.2025,D,3,81,Kukureis 2,47.3,351.5,8.6,11.6,3,0.065217391,1.5,10.8,1.65,0.245648295,3.3,0.8804,10,2,,SK3D,Control,0.634751705
AL,Control,29.7.2025,D,1,82,Kukureis 2,47.3,351.5,9.7,11.8,2.1,0.045652174,2,13,2.67,0.397503605,3.5,0.806,12,1,,AL1D,Control,0.408496395
AL,Control,29.7.2025,D,2,83,Kukureis 2,47.3,351.5,8.6,11.5,2.9,0.063043478,1.6,10.5,1.74,0.259047293,3.6,0.8881,8,0,,AL2D,Control,0.629052707
AL,Control,29.7.2025,D,3,84,Kukureis 2,47.3,351.5,9.1,11.4,2.3,0.05,1.7,8.4,1.95,0.290311622,2.8,0.674,12,0,,AL3D,Control,0.383688378
VL,Control,29.7.2025,D,1,85,Kukureis 2,47.3,351.5,8.3,10.8,2.5,0.054347826,1.5,8.2,1.4,0.208428857,2.7,0.6588,13,0,,VL1D,Control,0.450371143
VL,Control,29.7.2025,D,2,86,Kukureis 2,47.3,351.5,8.4,11.7,3.3,0.07173913,1.8,12.5,1.74,0.259047293,4,0.9616,18,2,,VL2D,Control,0.702552707
VL,Control,29.7.2025,D,3,87,Kukureis 2,47.3,351.5,9.9,12.6,2.7,0.058695652,1.5,13.2,1.83,0.272446291,3.7,0.9779,10,0,,VL3D,Control,0.705453709
JO,Control,29.7.2025,D,1,88,Kukureis 2,47.3,351.5,8.8,11.7,2.9,0.063043478,1.6,7.5,1.59,0.23671563,3.4,0.8681,12,0,,JO1D,Control,0.63138437
JO,Control,29.7.2025,D,3,89,Kukureis 2,47.3,351.5,7.8,12.2,4.4,0.095652174,2,8.5,1.44,0.214383967,3.1,0.8033,7,3,,JO3D,Control,0.588916033
OK,Impact,29.07.2025,E,1,90,Virutholmen 1,58.1,364.7,8.4,12.5,4.1,0.089130435,1.7,10.6,1.15,0.171209418,2.9,0.5823,11,4,,OK1E,Control,0.411090582
OK,Impact,29.07.2025,E,2,91,Virutholmen 1,58.1,364.7,8.4,13,4.6,0.1,1.5,11.3,1.37,0.203962524,3.9,0.7682,22,5,,OK2E,Control,0.564237476
OK,Impact,29.07.2025,E,3,92,Virutholmen 1,58.1,364.7,9.7,14.6,4.9,0.106521739,1.7,13,1.62,0.241181963,3.4,0.659,9,4,,OK3E,Control,0.417818037
SH,Impact,29.07.2025,E,1,93,Virutholmen 1,58.1,364.7,8,12.3,4.3,0.095555556,2.5,10.1,1.05,0.156321643,2.6,0.5291,15,8,,SH1E,Control,0.372778357
SH,Impact,29.07.2025,E,2,94,Virutholmen 1,58.1,364.7,10.5,13.9,3.4,0.075555556,1.4,6.4,1.3,0.193541081,1.9,0.3658,12,4,,SH2E,Control,0.172258919
SH,Impact,29.07.2025,E,3,95,Virutholmen 1,58.1,364.7,11,15.6,4.6,0.102222222,1.4,15.8,1.97,0.293289177,4.9,1.0295,21,11,,SH3E,Control,0.736210823
FL,Impact,29.07.2025,E,1,96,Virutholmen 1,58.1,364.7,8.7,12.8,4.1,0.091111111,2.2,11.9,1.11,0.165254308,2.9,0.5371,19,3,,FL1E,Control,0.371845692
FL,Impact,29.07.2025,E,2,97,Virutholmen 1,58.1,364.7,12.1,18.5,6.4,0.142222222,1.8,13.5,2.85,0.424301601,6.8,1.3832,16,15,,FL2E,Control,0.958898399
FL,Impact,29.07.2025,E,3,98,Virutholmen 1,58.1,364.7,9.6,14.6,5,0.111111111,2.1,12.7,1.9,0.282867734,5,1.0143,23,7,,FL3E,Control,0.731432266
KK,Impact,29.07.2025,E,1,99,Virutholmen 1,58.1,364.7,8.4,12.3,3.9,0.086666667,1.8,11.9,1.17,0.174186973,3.2,0.6386,21,6,,KK1E,Control,0.464413027
KK,Impact,29.07.2025,E,2,100,Virutholmen 1,58.1,364.7,9.5,13.5,4,0.088888889,1.5,8.5,1.29,0.192052304,2.9,0.5883,18,4,,KK2E,Control,0.396247696
SK,Control,29.07.2025,E,1,101,Virutholmen 1,58.1,364.7,8.1,11.1,3,0.065217391,1.1,9.9,1.14,0.16972064,2.4,0.4867,16,4,,SK1E,Control,0.31697936
SK,Control,29.07.2025,E,2,102,Virutholmen 1,58.1,364.7,10.2,13.4,3.2,0.069565217,1.5,13.7,2.38,0.354329056,5,1.0123,29,12,,SK2E,Control,0.657970944
SK,Control,29.07.2025,E,3,103,Virutholmen 1,58.1,364.7,8.5,12,3.5,0.076086957,1.7,10.3,1.42,0.211406412,3.4,0.6974,23,4,,SK3E,Control,0.485993588
AL,Control,29.07.2025,E,1,104,Virutholmen 1,58.1,364.7,9.1,14.4,5.3,0.115217391,1.4,11.2,1.57,0.233738075,3.7,0.7572,15,9,,AL1E,Control,0.523461925
AL,Control,29.07.2025,E,2,105,Virutholmen 1,58.1,364.7,7.7,11,3.3,0.07173913,1.9,10.7,1.08,0.160787975,2.4,0.4695,14,0,,AL2E,Control,0.308712025
AL,Control,29.07.2025,E,3,106,Virutholmen 1,58.1,364.7,9,13.4,4.4,0.095652174,2.4,11.5,1.16,0.172698196,3,0.5722,21,1,,AL3E,Control,0.399501804
VL,Control,29.07.2025,E,1,107,Virutholmen 1,58.1,364.7,9.5,15,5.5,0.119565217,1.4,10.3,1.74,0.259047293,3.4,0.6759,15,6,,VL1E,Control,0.416852707
VL,Control,29.07.2025,E,2,108,Virutholmen 1,58.1,364.7,10.9,14.4,3.5,0.076086957,1.2,12.6,2.19,0.326042283,4.4,0.8503,25,2,,VL2E,Control,0.524257717
VL,Control,29.07.2025,E,3,109,Virutholmen 1,58.1,364.7,10.7,15,4.3,0.093478261,1.3,11.3,1.84,0.273935069,4,0.8398,24,3,,VL3E,Control,0.565864931
JO,Control,29.07.2025,E,1,110,Virutholmen 1,58.1,364.7,8.6,13.2,4.6,0.1,2.4,8.2,1.27,0.189074749,2.9,0.5848,18,0,,JO1E,Control,0.395725251
JO,Control,29.07.2025,E,2,111,Virutholmen 1,58.1,364.7,7.8,12.6,4.8,0.104347826,2.5,7.6,0.96,0.142922645,2.5,0.5177,12,7,,JO2E,Control,0.374777355
JO,Control,29.07.2025,E,3,112,Virutholmen 1,58.1,364.7,8.5,12.4,3.9,0.084782609,1.6,11.7,1.22,0.181630861,3,0.6123,19,1,,JO3E,Control,0.430669139
OK,Impact,29.7.2025,F,1,113,Virutholmen 2,40.6,300.2,9,14.5,5.5,0.119565217,3,8.8,1.68,0.250114628,3.4,0.7215,5,2,,OK1F,Control,0.471385372
OK,Impact,29.7.2025,F,2,114,Virutholmen 2,40.6,300.2,8.1,11.8,3.7,0.080434783,1.6,12.6,1.59,0.23671563,3.5,0.6922,20,4,,OK2F,Control,0.45548437
SH,Impact,29.7.2025,F,1,115,Virutholmen 2,40.6,300.2,9.3,13.3,4,0.088888889,1.7,11.2,1.87,0.278401401,3.9,0.8159,22,4,,SH1F,Control,0.537498599
SH,Impact,29.7.2025,F,2,116,Virutholmen 2,40.6,300.2,11.5,18,6.5,0.144444444,1.3,9.9,3.54,0.527027252,5.3,1.1268,10,4,,SH2F,Control,0.599772748
SH,Impact,29.7.2025,F,3,117,Virutholmen 2,40.6,300.2,9.1,12.9,3.8,0.084444444,1,8.7,1.84,0.273935069,3.6,0.7357,22,5,,SH3F,Control,0.461764931
FL,Impact,29.7.2025,F,1,118,Virutholmen 2,40.6,300.2,8.9,12.4,3.5,0.077777778,1.9,13.9,2.21,0.329019838,5,0.9779,26,4,,FL1F,Control,0.648880162
FL,Impact,29.7.2025,F,2,119,Virutholmen 2,40.6,300.2,9.1,12.9,3.8,0.084444444,2,9.3,2.14,0.318598395,3.9,0.7621,22,4,,FL2F,Control,0.443501605
FL,Impact,29.7.2025,F,3,120,Virutholmen 2,40.6,300.2,11.1,17.6,6.5,0.144444444,2.2,12.5,4.78,0.711635668,8.5,1.6936,21,7,,FL3F,Control,0.981964332
KK,Impact,29.7.2025,F,1,121,Virutholmen 2,40.6,300.2,9,13,4,0.088888889,1.3,9.3,1.61,0.239693185,3.2,0.6539,17,4,,KK1F,Control,0.414206815
KK,Impact,29.7.2025,F,2,122,Virutholmen 2,40.6,300.2,10,16.1,6.1,0.135555556,2.1,15.7,5.06,0.753321439,7.8,1.613,23,6,,KK2F,Control,0.859678561
SK,Control,29.7.2025,F,1,123,Virutholmen 2,40.6,300.2,8.8,12.8,4,0.086956522,1.5,12.5,2.86,0.425790379,5.2,1.0643,22,7,,SK1F,Control,0.638509621
SK,Control,29.7.2025,F,2,124,Virutholmen 2,40.6,300.2,8.2,11.9,3.7,0.080434783,1.5,9.7,1.6,0.238204408,3.2,0.6813,5,4,,SK2F,Control,0.443095592
SK,Control,29.7.2025,F,3,125,Virutholmen 2,40.6,300.2,10.3,14.2,3.9,0.084782609,2.5,17.3,4.12,0.61337635,6.8,1.421,39,7,,SK3F,Control,0.80762365
AL,Control,29.7.2025,F,1,126,Virutholmen 2,40.6,300.2,10.6,14.9,4.3,0.093478261,2,14.4,4.01,0.596999797,7.2,1.3638,32,8,,AL1F,Control,0.766800203
AL,Control,29.7.2025,F,2,127,Virutholmen 2,40.6,300.2,10.8,15.7,4.9,0.106521739,2.4,11,2.91,0.433234266,6.1,1.2118,10,4,,AL2F,Control,0.778565734
AL,Control,29.7.2025,F,3,128,Virutholmen 2,40.6,300.2,8.6,12.5,3.9,0.084782609,1.5,9.2,1.76,0.262024848,3.6,0.7022,18,4,,AL3F,Control,0.440175152
VL,Control,29.7.2025,F,1,129,Virutholmen 2,40.6,300.2,11.2,16.4,5.2,0.113043478,1.9,8,2.6,0.387082162,5.3,1.0397,15,4,,VL1F,Control,0.652617838
VL,Control,29.7.2025,F,2,130,Virutholmen 2,40.6,300.2,8.6,12,3.4,0.073913043,2,9.1,1.61,0.239693185,3.6,0.7318,18,4,,VL2F,Control,0.492106815
VL,Control,29.7.2025,F,3,131,Virutholmen 2,40.6,300.2,10.4,16,5.6,0.12173913,2.6,16.4,3.77,0.561269136,5.5,1.1563,9,4,,VL3F,Control,0.595030864
JO,Control,29.7.2025,F,1,132,Virutholmen 2,40.6,300.2,9.1,14.6,5.5,0.119565217,3.3,10.3,2.68,0.398992383,4.8,1.0118,14,4,,JO1F,Control,0.612807617
JO,Control,29.7.2025,F,2,133,Virutholmen 2,40.6,300.2,9.6,15,5.4,0.117391304,1.8,8.7,3.09,0.460032262,5.5,1.1643,15,4,,JO2F,Control,0.704267738
JO,Control,29.7.2025,F,3,134,Virutholmen 2,40.6,300.2,8.4,12.5,4.1,0.089130435,2.1,6.2,1.3,0.193541081,2.7,0.5745,14,2,,JO3F,Control,0.380958919
OK,Impact,29.07.2025,G,1,135,Pilkholmen 1,54.5,308,10,14.3,4.3,0.093478261,1.8,9.2,2.33,0.346885169,4.5,1.0787,6,6,,OK1G,Control,0.731814831
OK,Impact,29.07.2025,G,2,136,Pilkholmen 1,54.5,308,8.2,12.9,4.7,0.102173913,2,9.8,1.7,0.253092183,3.4,0.8047,5,4,,OK2G,Control,0.551607817
OK,Impact,29.07.2025,G,3,137,Pilkholmen 1,54.5,308,9.6,13.8,4.2,0.091304348,2,13.3,2.53,0.37666072,4.6,1.0253,10,8,,OK3G,Control,0.64863928
SH,Impact,29.07.2025,G,1,138,Pilkholmen 1,54.5,308,8.5,13.9,5.4,0.12,1.6,8.1,1.75,0.260536071,3.4,0.8067,4,4,,SH1G,Control,0.546163929
SH,Impact,29.07.2025,G,2,139,Pilkholmen 1,54.5,308,10.1,15.7,5.6,0.124444444,1.8,9.8,2.39,0.355817834,4.3,1.0527,6,4,,SH2G,Control,0.696882166
FL,Impact,29.07.2025,G,2,140,Pilkholmen 1,54.5,308,8.9,14,5.1,0.113333333,1.8,6.9,1.6,0.238204408,2.7,0.5822,6,0,,FL2G,Control,0.343995592
FL,Impact,29.07.2025,G,3,141,Pilkholmen 1,54.5,308,8.2,13.3,5.1,0.113333333,1.8,7.5,4.12,0.61337635,3.3,0.7517,4,4,,FL3G,Control,0.13832365
KK,Impact,29.07.2025,G,1,142,Pilkholmen 1,54.5,308,8.7,12.8,4.1,0.091111111,1.6,8.3,1.68,0.250114628,3.8,0.8596,10,2,,KK1G,Control,0.609485372
KK,Impact,29.07.2025,G,2,143,Pilkholmen 1,54.5,308,9,13.4,4.4,0.097777778,1.8,7.9,1.8,0.267979959,3.8,0.874,6,4,,KK2G,Control,0.606020041
SK,Control,29.07.2025,G,1,144,Pilkholmen 1,54.5,308,8.3,11.4,3.1,0.067391304,1.8,9,1.45,0.215872744,3.1,0.721,4,4,,SK1G,Control,0.505127256
SK,Control,29.07.2025,G,2,145,Pilkholmen 1,54.5,308,8,10.1,2.1,0.045652174,1.5,8.3,1.23,0.183119638,2.6,0.602,9,2,,SK2G,Control,0.418880362
SK,Control,29.07.2025,G,3,146,Pilkholmen 1,54.5,308,8.9,12.5,3.6,0.07826087,2.2,5.7,1.77,0.263513626,3.3,0.7925,4,2,,SK3G,Control,0.528986374
AL,Control,29.07.2025,G,1,147,Pilkholmen 1,54.5,308,8.6,13.2,4.6,0.1,1.8,14.7,1.9,0.282867734,3.4,0.7959,6,2,,AL1G,Control,0.513032266
AL,Control,29.07.2025,G,2,148,Pilkholmen 1,54.5,308,9.8,13,3.2,0.069565217,1.5,10.5,2.34,0.348373946,4.4,0.9726,16,1,,AL2G,Control,0.624226054
AL,Control,29.07.2025,G,3,149,Pilkholmen 1,54.5,308,9.9,13.1,3.2,0.069565217,1.2,10.1,1.75,0.260536071,3,0.6505,12,0,,AL3G,Control,0.389963929
VL,Control,29.07.2025,G,1,150,Pilkholmen 1,54.5,308,9.5,14.1,4.6,0.1,1.8,9.5,1.93,0.287334067,3.3,0.8487,4,4,,VL1G,Control,0.561365933
VL,Control,29.07.2025,G,2,151,Pilkholmen 1,54.5,308,9.3,12.6,3.3,0.07173913,1.5,11.1,2.03,0.302221842,4,0.9159,7,5,,VL2G,Control,0.613678158
VL,Control,29.07.2025,G,3,152,Pilkholmen 1,54.5,308,9.5,13.9,4.4,0.095652174,1.5,8.6,1.77,0.263513626,3.6,0.8097,6,4,,VL3G,Control,0.546186374
JO,Control,29.07.2025,G,1,153,Pilkholmen 1,54.5,308,9,12.9,3.9,0.084782609,1.8,13.8,1.8,0.267979959,4.2,0.9901,11,4,,JO1G,Control,0.722120041
JO,Control,29.07.2025,G,2,154,Pilkholmen 1,54.5,308,9.8,15.1,5.3,0.115217391,1.8,6.3,2.08,0.30966573,4,0.9791,5,4,,JO2G,Control,0.66943427
OK,Impact,29.7.2025,H,1,155,Pilkholmen 2,73.1,263.9,11.1,14.1,3,0.065217391,1.8,8.5,2.51,0.373683165,4.9,1.1158,15,12,,OK1H,Control,0.742116835
OK,Impact,29.7.2025,H,2,156,Pilkholmen 2,73.1,263.9,9.5,11.4,1.9,0.041304348,1.6,15.1,2.91,0.433234266,6,1.2377,35,6,,OK2H,Control,0.804465734
OK,Impact,29.7.2025,H,3,157,Pilkholmen 2,73.1,263.9,10.8,15,4.2,0.091304348,1.7,10.5,2.11,0.314132063,4.1,0.9058,7,11,,OK3H,Control,0.591667937
SH,Impact,29.7.2025,H,1,158,Pilkholmen 2,73.1,263.9,11,14.2,3.2,0.071111111,1.7,15,3.46,0.515117032,6.1,1.3479,36,5,,SH1H,Control,0.832782968
SH,Impact,29.7.2025,H,2,159,Pilkholmen 2,73.1,263.9,8.8,12.9,4.1,0.091111111,1.6,8.6,1.55,0.23076052,2.8,0.6241,14,6,,SH2H,Control,0.39333948
SH,Impact,29.7.2025,H,3,160,Pilkholmen 2,73.1,263.9,8.3,12.7,4.4,0.097777778,1.8,6.8,1.91,0.284356512,3.5,0.8411,6,6,,SH3H,Control,0.556743488
FL,Impact,29.7.2025,H,1,161,Pilkholmen 2,73.1,263.9,10.7,12.5,1.8,0.04,1.9,14.2,2.84,0.422812824,5.5,1.2553,12,10,,FL1H,Control,0.832487176
FL,Impact,29.7.2025,H,2,162,Pilkholmen 2,73.1,263.9,11.2,13.7,2.5,0.055555556,2.2,11.9,2.36,0.351351501,5,1.0664,23,5,,FL2H,Control,0.715048499
FL,Impact,29.7.2025,H,3,163,Pilkholmen 2,73.1,263.9,10.7,14.6,3.9,0.086666667,1.5,10.3,1.96,0.291800399,4.2,0.9416,11,8,,FL3H,Control,0.649799601
KK,Impact,29.7.2025,H,1,164,Pilkholmen 2,73.1,263.9,11.4,15,3.6,0.08,1.3,11.1,2.58,0.384104607,4.8,1.0855,12,9,,KK1H,Control,0.701395393
KK,Impact,29.7.2025,H,2,165,Pilkholmen 2,73.1,263.9,10.7,13.5,2.8,0.062222222,1.5,10.5,1.76,0.262024848,3.4,0.7905,6,7,,KK2H,Control,0.528475152
SK,Control,29.7.2025,H,1,166,Pilkholmen 2,73.1,263.9,9.9,11.7,1.8,0.039130435,1,6,1.99,0.296266732,2.9,0.6224,12,1,,SK1H,Control,0.326133268
SK,Control,29.7.2025,H,2,167,Pilkholmen 2,73.1,263.9,9.7,10.1,0.4,0.008695652,1.6,16.4,3.07,0.457054707,5.6,1.2462,39,7,,SK2H,Control,0.789145293
SK,Control,29.7.2025,H,3,168,Pilkholmen 2,73.1,263.9,11.8,15.2,3.4,0.073913043,1.7,8.1,2.51,0.373683165,4.3,1.0596,9,8,,SK3H,Control,0.685916835
AL,Control,29.7.2025,H,1,169,Pilkholmen 2,73.1,263.9,9,13.8,4.8,0.104347826,1.8,12.2,2.59,0.385593385,6.3,1.3507,32,11,,AL1H,Control,0.965106615
AL,Control,29.7.2025,H,2,170,Pilkholmen 2,73.1,263.9,9.2,11.5,2.3,0.05,1.8,15,3.48,0.518094587,5.8,1.1983,44,1,,AL2H,Control,0.680205413
AL,Control,29.7.2025,H,3,171,Pilkholmen 2,73.1,263.9,10.3,13.4,3.1,0.067391304,1.5,11.7,2,0.29775551,4.1,0.8277,26,0,,AL3H,Control,0.52994449
VL,Control,29.7.2025,H,1,172,Pilkholmen 2,73.1,263.9,7.2,10,2.8,0.060869565,1.5,13.6,2.06,0.306688175,4.2,0.8854,28,8,,VL1H,Control,0.578711825
VL,Control,29.7.2025,H,2,173,Pilkholmen 2,73.1,263.9,8,10.3,2.3,0.05,1.3,8.5,1.2,0.178653306,2.3,0.5203,10,6,,VL2H,Control,0.341646694
VL,Control,29.7.2025,H,3,174,Pilkholmen 2,73.1,263.9,9.5,15,5.5,0.119565217,2.3,10.5,3.12,0.464498595,6.4,1.4568,36,7,,VL3H,Control,0.992301405
JO,Control,29.7.2025,H,1,175,Pilkholmen 2,73.1,263.9,9.8,14.7,4.9,0.106521739,1.7,5.7,1.52,0.226294187,3.2,0.7403,13,3,,JO1H,Control,0.514005813
JO,Control,29.7.2025,H,2,176,Pilkholmen 2,73.1,263.9,8.3,12.7,4.4,0.095652174,1.8,11,1.63,0.24267074,3.7,0.8471,10,7,,JO2H,Control,0.60442926
JO,Control,29.7.2025,H,3,177,Pilkholmen 2,73.1,263.9,9.1,13,3.9,0.084782609,1.7,8.8,1.68,0.250114628,3.9,0.8633,8,6,,JO3H,Control,0.613185372
OK,Impact,29.07.2025,I,1,178,Kyrkogårdsgrundet 1,43.2,191.6,9.5,13,3.5,0.076086957,1.3,14.8,1.91,0.284356512,3.2,0.7649,17,0,Yksi pääty josta kasvaa paljon (4kpl) 1cm pituisia päätyjä *,OK1I,Impact,0.480543488
OK,Impact,29.07.2025,I,3,179,Kyrkogårdsgrundet 1,43.2,191.6,8.2,12.3,4.1,0.089130435,1.6,7.2,1.94,0.288822844,2.1,,13,0,,OK3I,Impact,
SH,Impact,29.07.2025,I,1,180,Kyrkogårdsgrundet 1,43.2,191.6,9.2,13.3,4.1,0.091111111,1.7,7,1.36,0.202473747,2.8,0.6021,17,0,,SH1I,Impact,0.399626253
SH,Impact,29.07.2025,I,2,181,Kyrkogårdsgrundet 1,43.2,191.6,9.7,13.8,4.1,0.091111111,1.7,13.4,2.02,0.300733065,4.2,0.8764,28,0,En av apikal tips var * ocj nestod av 4 st 1 cm långa smala tips,SH2I,Impact,0.575666935
SH,Impact,29.07.2025,I,3,182,Kyrkogårdsgrundet 1,43.2,191.6,10.7,16.2,5.5,0.122222222,1.9,9.5,1.78,0.265002404,3.3,0.7398,17,0,,SH3I,Impact,0.474797596
FL,Impact,29.07.2025,I,2,183,Kyrkogårdsgrundet 1,43.2,191.6,9.9,14.1,4.2,0.093333333,1.5,9.9,1.97,0.293289177,3.7,0.8273,19,0,,FL2I,Impact,0.534010823
FL,Impact,29.07.2025,I,3,184,Kyrkogårdsgrundet 1,43.2,191.6,11.2,17.5,6.3,0.14,1.3,11,2.16,0.32157595,4.3,0.9805,25,0,,FL3I,Impact,0.65892405
KK,Impact,29.07.2025,I,1,185,Kyrkogårdsgrundet 1,43.2,191.6,10.7,16.1,5.4,0.12,1.6,9,1.8,0.267979959,4.2,0.9975,22,0,,KK1I,Impact,0.729520041
KK,Impact,29.07.2025,I,2,186,Kyrkogårdsgrundet 1,43.2,191.6,8.6,13.5,4.9,0.108888889,1.5,15.6,1.97,0.293289177,3.3,0.8105,19,0,,KK2I,Impact,0.517210823
SK,Control,29.07.2025,I,1,187,Kyrkogårdsgrundet 1,43.2,191.6,9.7,14.1,4.4,0.095652174,1.9,7.5,1.44,0.214383967,2.6,0.631,8,0,,SK1I,Impact,0.416616033
SK,Control,29.07.2025,I,2,188,Kyrkogårdsgrundet 1,43.2,191.6,10.3,13.1,2.8,0.060869565,2,12.2,2.69,0.40048116,3.5,0.9461,18,0,Yhdessä päädyistä 5kpl noin 1 cm päätyjä,SK2I,Impact,0.54561884
SK,Control,29.07.2025,I,3,189,Kyrkogårdsgrundet 1,43.2,191.6,10.9,14.2,3.3,0.07173913,1.9,13,2.35,0.349862724,3.3,0.902,11,0,One of  the  tips hade small growth tips (under 1 cm) 18 kpl,SK3I,Impact,0.552137276
AL,Control,29.07.2025,I,2,190,Kyrkogårdsgrundet 1,43.2,191.6,9.4,13.4,4,0.086956522,1.8,5.3,1.38,0.205451302,2,0.4983,7,0,,AL2I,Impact,0.292848698
AL,Control,29.07.2025,I,3,191,Kyrkogårdsgrundet 1,43.2,191.6,8.7,13.7,5,0.108695652,1.7,12.4,1.55,0.23076052,3.2,0.7518,16,0,,AL3I,Impact,0.52103948
VL,Control,29.07.2025,I,1,192,Kyrkogårdsgrundet 1,43.2,191.6,9.2,14.5,5.3,0.115217391,2,10.7,1.16,0.172698196,2.3,0.5738,11,0,,VL1I,Impact,0.401101804
VL,Control,29.07.2025,I,2,193,Kyrkogårdsgrundet 1,43.2,191.6,8.9,12.1,3.2,0.069565217,1.5,10.4,1.69,0.251603406,3.1,0.7523,24,0,,VL2I,Impact,0.500696594
VL,Control,29.07.2025,I,3,194,Kyrkogårdsgrundet 1,43.2,191.6,9.5,13.7,4.2,0.091304348,1.4,14.3,1.77,0.263513626,3.6,0.8302,21,0,,VL3I,Impact,0.566686374
JO,Control,29.07.2025,I,1,195,Kyrkogårdsgrundet 1,43.2,191.6,8.8,12.1,3.3,0.07173913,1.4,7.5,1.47,0.2188503,2.6,0.6221,18,0,,JO1I,Impact,0.4032497
JO,Control,29.07.2025,I,2,196,Kyrkogårdsgrundet 1,43.2,191.6,10.9,16.2,5.3,0.115217391,1.9,12.5,2.09,0.311154508,3.7,0.928,18,0,,JO2I,Impact,0.616845492
JO,Control,29.07.2025,I,3,197,Kyrkogårdsgrundet 1,43.2,191.6,8.9,14,5.1,0.110869565,2.2,8.6,1.06,0.15781042,1.9,0.4892,7,0,,JO3I,Impact,0.33138958
OK,Impact,29.7.2025,J,3,198,Kyrkogårdsgrundet 2,32.8,108.7,9.3,13.5,4.2,0.091304348,1.4,9,1.72,0.256069738,3.3,0.6938,20,0,,OK3J,Impact,0.437730262
SH,Impact,29.7.2025,J,1,199,Kyrkogårdsgrundet 2,32.8,108.7,8.6,14,5.4,0.12,1.5,10.3,1.66,0.247137073,3.5,0.792,16,0,,SH1J,Impact,0.544862927
SH,Impact,29.7.2025,J,2,200,Kyrkogårdsgrundet 2,32.8,108.7,9.1,13.5,4.4,0.097777778,1.7,13,1.77,0.263513626,3.6,0.7759,24,0,,SH2J,Impact,0.512386374
SH,Impact,29.7.2025,J,3,201,Kyrkogårdsgrundet 2,32.8,108.7,10.3,15.3,5,0.111111111,1.7,14.5,2.65,0.39452605,4.5,1.0842,21,1,,SH3J,Impact,0.68967395
FL,Impact,29.7.2025,J,1,202,Kyrkogårdsgrundet 2,32.8,108.7,9.8,13,3.2,0.071111111,1.6,15.1,2.55,0.379638275,5.1,1.1494,28,0,,FL1J,Impact,0.769761725
FL,Impact,29.7.2025,J,2,203,Kyrkogårdsgrundet 2,32.8,108.7,7.9,11.6,3.7,0.082222222,1.3,5.9,0.92,0.136967534,1.5,0.3515,12,0,,FL2J,Impact,0.214532466
FL,Impact,29.7.2025,J,3,204,Kyrkogårdsgrundet 2,32.8,108.7,8.1,12.4,4.3,0.095555556,1.8,10.2,1.27,0.189074749,2.7,0.6185,14,0,,FL3J,Impact,0.429425251
KK,Impact,29.7.2025,J,1,205,Kyrkogårdsgrundet 2,32.8,108.7,8.9,12,3.1,0.068888889,1.1,8.6,1.98,0.294777954,2.3,0.5275,14,0,,KK1J,Impact,0.232722046
KK,Impact,29.7.2025,J,2,206,Kyrkogårdsgrundet 2,32.8,108.7,7.6,11.2,3.6,0.08,1.8,11,0.92,0.136967534,2.4,0.5446,12,0,,KK2J,Impact,0.407632466
SK,Control,29.7.2025,J,1,207,Kyrkogårdsgrundet 2,32.8,108.7,10.2,11.5,1.3,0.02826087,2.2,8,1.52,0.226294187,2.8,0.6262,16,1,,SK1J,Impact,0.399905813
SK,Control,29.7.2025,J,2,208,Kyrkogårdsgrundet 2,32.8,108.7,9,12,3,0.065217391,2,10.5,1.37,0.203962524,2.6,0.6228,18,0,,SK2J,Impact,0.418837476
SK,Control,29.7.2025,J,3,209,Kyrkogårdsgrundet 2,32.8,108.7,8,11.3,3.3,0.07173913,1.9,10.7,1.6,0.238204408,2.5,0.6138,17,0,,SK3J,Impact,0.375595592
AL,Control,29.7.2025,J,1,210,Kyrkogårdsgrundet 2,32.8,108.7,9.1,12.7,3.6,0.07826087,1.9,13.1,1.55,0.23076052,3.2,0.712,17,0,,AL1J,Impact,0.48123948
AL,Control,29.7.2025,J,2,211,Kyrkogårdsgrundet 2,32.8,108.7,8.8,13.4,4.6,0.1,1.9,13.2,1.99,0.296266732,3.9,0.9375,17,0,,AL2J,Impact,0.641233268
AL,Control,29.7.2025,J,3,212,Kyrkogårdsgrundet 2,32.8,108.7,8.8,12.4,3.6,0.07826087,1.3,11.8,1.79,0.266491181,3.1,0.7214,25,0,,AL3J,Impact,0.454908819
VL,Control,29.7.2025,J,1,213,Kyrkogårdsgrundet 2,32.8,108.7,8.1,11.8,3.7,0.080434783,2.3,10.8,1.77,0.263513626,3.7,0.8491,20,0,,VL1J,Impact,0.585586374
VL,Control,29.7.2025,J,2,214,Kyrkogårdsgrundet 2,32.8,108.7,7.7,11,3.3,0.07173913,1.2,12.1,1.34,0.199496191,3.2,0.7208,17,0,,VL2J,Impact,0.521303809
VL,Control,29.7.2025,J,3,215,Kyrkogårdsgrundet 2,32.8,108.7,11,15,4,0.086956522,1.7,16.2,2.8,0.416857713,4.8,1.077,19,0,Yksi päädyistä rikki ja pieniä päätyjä 6 kpl *,VL3J,Impact,0.660142287
JO,Control,29.7.2025,J,1,216,Kyrkogårdsgrundet 2,32.8,108.7,7.9,11.8,3.9,0.084782609,2.1,11.8,1.64,0.244159518,3.4,0.806,21,0,,JO1J,Impact,0.561840482
JO,Control,29.7.2025,J,2,217,Kyrkogårdsgrundet 2,32.8,108.7,7.5,11.8,4.3,0.093478261,2.5,8.1,1.07,0.159299198,2.2,0.5404,17,0,,JO2J,Impact,0.381100802
JO,Control,29.7.2025,J,3,218,Kyrkogårdsgrundet 2,32.8,108.7,8.4,12.3,3.9,0.084782609,1.8,9.4,0.9,0.133989979,2,0.4967,10,0,,JO3J,Impact,0.362710021
OK,Impact,29.07.2025,K,1,219,Baggen 1,38.5,159.3,7.8,12.5,4.7,0.102173913,1.6,10.6,2.09,0.311154508,3.9,0.9418,12,4,Broken sample and hard to know the measurements (?),OK1K,Impact,0.630645492
OK,Impact,29.07.2025,K,3,220,Baggen 1,38.5,159.3,7.4,11.5,4.1,0.089130435,2,15.5,1.39,0.206940079,2.9,0.6586,17,1,,OK3K,Impact,0.451659921
SH,Impact,29.07.2025,K,1,221,Baggen 1,38.5,159.3,8.1,13.1,5,0.111111111,2,5.5,0.87,0.129523647,1.6,0.3744,6,0,,SH1K,Impact,0.244876353
SH,Impact,29.07.2025,K,2,222,Baggen 1,38.5,159.3,8.7,13.3,4.6,0.102222222,2,7.4,1.2,0.178653306,2.3,0.5326,7,2,,SH2K,Impact,0.353946694
FL,Impact,29.07.2025,K,2,223,Baggen 1,38.5,159.3,8.4,12.7,4.3,0.095555556,2.4,8.3,1.29,0.192052304,2.2,0.5168,6,1,,FL2K,Impact,0.324747696
FL,Impact,29.07.2025,K,3,224,Baggen 1,38.5,159.3,8.2,13.3,5.1,0.113333333,2.1,9,1.48,0.220339077,2.9,0.6588,16,1,,FL3K,Impact,0.438460923
KK,Impact,29.07.2025,K,1,225,Baggen 1,38.5,159.3,7.9,10.1,2.2,0.048888889,1.3,9.2,1.16,0.172698196,2,0.4231,16,0,,KK1K,Impact,0.250401804
SK,Control,29.07.2025,K,1,226,Baggen 1,38.5,159.3,8.6,11,2.4,0.052173913,1.7,8.9,1,0.148877755,2,0.4785,7,0,,SK1K,Impact,0.329622245
AL,Control,29.07.2025,K,1,227,Baggen 1,38.5,159.3,8.9,12.7,3.8,0.082608696,1.6,11,1.19,0.177164528,2.6,0.5932,15,0,,AL1K,Impact,0.416035472
AL,Control,29.07.2025,K,2,228,Baggen 1,38.5,159.3,8.6,11.8,3.2,0.069565217,1.2,9.5,1.27,0.189074749,2.5,0.6275,16,0,,AL2K,Impact,0.438425251
AL,Control,29.07.2025,K,3,229,Baggen 1,38.5,159.3,7.9,13.4,5.5,0.119565217,2.4,8,1.17,0.174186973,2.4,0.5663,7,1,,AL3K,Impact,0.392113027
VL,Control,29.07.2025,K,1,230,Baggen 1,38.5,159.3,7.9,12.5,4.6,0.1,2,9.3,1,0.148877755,2.2,0.538,11,0,,VL1K,Impact,0.389122245
VL,Control,29.07.2025,K,2,231,Baggen 1,38.5,159.3,8.3,11.2,2.9,0.063043478,1.8,11.1,1.15,0.171209418,2.5,0.6203,21,0,,VL2K,Impact,0.449090582
VL,Control,29.07.2025,K,3,232,Baggen 1,38.5,159.3,8.1,13.4,5.3,0.115217391,1.4,8.1,1.09,0.162276753,2.4,0.5433,11,0,,VL3K,Impact,0.381023247
JO,Control,29.07.2025,K,1,233,Baggen 1,38.5,159.3,8.4,11.7,3.3,0.07173913,1.9,8.7,1.02,0.15185531,2.2,0.5418,18,0,,JO1K,Impact,0.38994469
JO,Control,29.07.2025,K,2,234,Baggen 1,38.5,159.3,8.5,13,4.5,0.097826087,1.4,8.8,1.14,0.16972064,2.2,0.5703,11,0,,JO2K,Impact,0.40057936
JO,Control,29.07.2025,K,3,235,Baggen 1,38.5,159.3,8,12.5,4.5,0.097826087,1.7,8.3,0.92,0.136967534,1.9,0.4687,10,0,,JO3K,Impact,0.331732466
OK,Impact,29.7.2025,L,1,236,Baggen 2,51.1,200.6,10,15.5,5.5,0.119565217,1.3,13.3,2.2,0.327531061,4.2,0.8502,34,0,,OK1L,Impact,0.522668939
SH,Impact,29.7.2025,L,2,237,Baggen 2,51.1,200.6,10.5,14.9,4.4,0.097777778,1.2,15.5,2.38,0.354329056,4.1,0.8524,25,0,,SH2L,Impact,0.498070944
SH,Impact,29.7.2025,L,3,238,Baggen 2,51.1,200.6,8.6,13.7,5.1,0.113333333,1.1,13.5,1.48,0.220339077,3.3,0.6696,24,0,,SH3L,Impact,0.449260923
FL,Impact,29.7.2025,L,1,239,Baggen 2,51.1,200.6,10.2,14.7,4.5,0.1,1.1,16,2.13,0.317109618,5.2,1.0651,38,0,,FL1L,Impact,0.747990382
FL,Impact,29.7.2025,L,2,240,Baggen 2,51.1,200.6,8.8,13.6,4.8,0.106666667,1.1,14.3,1.61,0.239693185,3.3,0.6508,33,0,,FL2L,Impact,0.411106815
FL,Impact,29.7.2025,L,3,241,Baggen 2,51.1,200.6,11.3,17.5,6.2,0.137777778,1.1,15.3,1.66,0.247137073,4.1,0.8935,41,0,,FL3L,Impact,0.646362927
KK,Impact,29.7.2025,L,1,242,Baggen 2,51.1,200.6,9.1,14.7,5.6,0.124444444,1.8,10,1.35,0.200984969,3.1,0.624,22,0,,KK1L,Impact,0.423015031
KK,Impact,29.7.2025,L,2,243,Baggen 2,51.1,200.6,10.2,11.2,1,0.022222222,1,8.5,1.79,0.266491181,1.9,0.4029,19,0,,KK2L,Impact,0.136408819
SK,Control,29.7.2025,L,1,244,Baggen 2,51.1,200.6,8.3,12.7,4.4,0.095652174,1.3,10.5,1,0.148877755,2.1,0.4644,10,0,,SK1L,Impact,0.315522245
SK,Control,29.7.2025,L,2,245,Baggen 2,51.1,200.6,9.6,14.4,4.8,0.104347826,1.4,9.6,1.61,0.239693185,3.1,0.7051,12,0,,SK2L,Impact,0.465406815
SK,Control,29.7.2025,L,3,246,Baggen 2,51.1,200.6,8,12.4,4.4,0.095652174,1.4,10.8,1.29,0.192052304,2.7,0.5881,27,0,,SK3L,Impact,0.396047696
AL,Control,29.7.2025,L,1,247,Baggen 2,51.1,200.6,10,14.2,4.2,0.091304348,1.8,8.3,1.49,0.221827855,2.5,0.5207,10,0,,AL1L,Impact,0.298872145
AL,Control,29.7.2025,L,2,248,Baggen 2,51.1,200.6,10.1,14.3,4.2,0.091304348,1.1,9,1.15,0.171209418,2.4,0.5214,24,0,,AL2L,Impact,0.350190582
AL,Control,29.7.2025,L,3,249,Baggen 2,51.1,200.6,9,13.2,4.2,0.091304348,1.3,9,1.06,0.15781042,1.9,0.4212,7,0,,AL3L,Impact,0.26338958
VL,Control,29.7.2025,L,1,250,Baggen 2,51.1,200.6,10.5,15.8,5.3,0.115217391,1.3,18.3,1.72,0.256069738,4.1,0.8773,25,0,,VL1L,Impact,0.621230262
VL,Control,29.7.2025,L,2,251,Baggen 2,51.1,200.6,8.5,14.5,6,0.130434783,1.3,9.7,1.16,0.172698196,2.4,0.5265,23,0,,VL2L,Impact,0.353801804
VL,Control,29.7.2025,L,3,252,Baggen 2,51.1,200.6,8.7,13.1,4.4,0.095652174,1,8.4,0.98,0.1459002,2.1,0.4505,16,0,,VL3L,Impact,0.3045998
JO,Control,29.7.2025,L,1,253,Baggen 2,51.1,200.6,11.2,16.7,5.5,0.119565217,1.2,15,1.59,0.23671563,3.6,0.8118,22,0,,JO1L,Impact,0.57508437
JO,Control,29.7.2025,L,3,254,Baggen 2,51.1,200.6,8.5,13.5,5,0.108695652,1.3,9.4,0.98,0.1459002,2.1,0.4367,15,0,,JO3L,Impact,0.2907998
OK,Impact,29.07.2025,M,1,255,Baggen 3,36.2,91.5,10,12,2,0.043478261,1.5,8,2.2,0.327531061,2,0.4334,7,1,,OK1M,Impact,0.105868939
OK,Impact,29.07.2025,M,2,256,Baggen 3,36.2,91.5,9.4,11.3,1.9,0.041304348,2.1,10.4,1.42,0.211406412,1.9,0.4241,5,1,,OK2M,Impact,0.212693588
SH,Impact,29.07.2025,M,2,257,Baggen 3,36.2,91.5,,9.5,-1,-0.022222222,1.5,12.5,2.38,0.354329056,1.6,0.3468,11,0,,SH2M,Impact,-0.007529056
SH,Impact,29.07.2025,M,3,258,Baggen 3,36.2,91.5,8.6,13.9,5.3,0.117777778,2.2,10.6,1.48,0.220339077,2.9,0.6509,12,0,,SH3M,Impact,0.430560923
FL,Impact,29.07.2025,M,1,259,Baggen 3,36.2,91.5,8.1,12.2,4.1,0.091111111,1.7,6.2,0.97,0.144411422,2.3,0.4719,8,0,,FL1M,Impact,0.327488578
FL,Impact,29.07.2025,M,2,260,Baggen 3,36.2,91.5,8.1,12,3.9,0.086666667,1.3,13.6,1.19,0.177164528,3,0.6685,17,0,,FL2M,Impact,0.491335472
KK,Impact,29.07.2025,M,2,261,Baggen 3,36.2,91.5,7.8,11.1,3.3,0.073333333,2.1,8.9,1.18,0.175675751,2.5,0.5818,18,0,,KK2M,Impact,0.406124249
SK,Control,29.07.2025,M,1,262,Baggen 3,36.2,91.5,8.2,11.7,3.5,0.076086957,2.5,11,1.61,0.239693185,3.1,0.7291,12,,,SK1M,Impact,0.489406815
SK,Control,29.07.2025,M,3,263,Baggen 3,36.2,91.5,7.6,11.2,3.6,0.07826087,1.4,6,0.86,0.128034869,1.5,0.3513,6,0,,SK3M,Impact,0.223265131
AL,Control,29.07.2025,M,1,264,Baggen 3,36.2,91.5,8.4,10.6,2.2,0.047826087,1,16,1.3,0.193541081,3,0.6897,23,0,,AL1M,Impact,0.496158919
AL,Control,29.07.2025,M,2,265,Baggen 3,36.2,91.5,8.2,12.5,4.3,0.093478261,1.9,7.6,0.93,0.138456312,1.9,0.456,6,0,,AL2M,Impact,0.317543688
AL,Control,29.07.2025,M,3,266,Baggen 3,36.2,91.5,8.3,12.7,4.4,0.095652174,2,6.3,0.98,0.1459002,2.2,0.5348,11,0,,AL3M,Impact,0.3888998
VL,Control,29.07.2025,M,1,267,Baggen 3,36.2,91.5,7.7,12,4.3,0.093478261,1.8,7.8,0.91,0.135478757,1.9,0.435,10,0,,VL1M,Impact,0.299521243
VL,Control,29.07.2025,M,2,268,Baggen 3,36.2,91.5,8.2,11,2.8,0.060869565,2,10.1,1.04,0.154832865,2.5,0.5822,20,0,,VL2M,Impact,0.427367135
VL,Control,29.07.2025,M,3,269,Baggen 3,36.2,91.5,8,11.6,3.6,0.07826087,1.7,8.8,0.98,0.1459002,2.2,0.5219,13,0,,VL3M,Impact,0.3759998
JO,Control,29.07.2025,M,1,270,Baggen 3,36.2,91.5,8.2,12.2,4,0.086956522,2,10.7,0.97,0.144411422,2.2,0.5228,13,0,,JO1M,Impact,0.378388578
JO,Control,29.07.2025,M,2,271,Baggen 3,36.2,91.5,7.8,12.2,4.4,0.095652174,2.3,15.2,1.73,0.257558516,3.5,0.8701,15,0,,JO2M,Impact,0.612541484
JO,Control,29.07.2025,M,3,272,Baggen 3,36.2,91.5,8.2,12.6,4.4,0.095652174,1.6,6.9,0.88,0.131012424,2.1,0.5281,13,0,,JO3M,Impact,0.397087576
OK,Impact,29.7.2025,N,1,273,Västra Jönisholm 1,28.6,63.3,8.2,11.1,2.9,0.063043478,1.4,11.9,1.43,0.212895189,2.9,0.6721,25,2,,OK1N,Impact,0.459204811
OK,Impact,29.7.2025,N,2,274,Västra Jönisholm 1,28.6,63.3,8.4,9.5,1.1,0.023913043,1.4,11.3,1.68,0.250114628,2.1,0.4666,19,0,Kaksi päädyistä rikki ja pikkuisia karvaa noin 1mm (?),OK2N,Impact,0.216485372
OK,Impact,29.7.2025,N,3,275,Västra Jönisholm 1,28.6,63.3,8.5,11,2.5,0.054347826,1.2,15,1.61,0.239693185,3.4,0.786,35,2,,OK3N,Impact,0.546306815
SH,Impact,29.7.2025,N,1,276,Västra Jönisholm 1,28.6,63.3,8,11.6,3.6,0.08,1.3,12.5,1.58,0.235226853,3.1,0.7258,36,2,,SH1N,Impact,0.490573147
SH,Impact,29.7.2025,N,2,277,Västra Jönisholm 1,28.6,63.3,8.7,12,3.3,0.073333333,1.3,11.4,7.35,,2.4,0.5914,22,1,,SH2N,Impact,-0.502851498
SH,Impact,29.7.2025,N,3,278,Västra Jönisholm 1,28.6,63.3,8.9,12.7,3.8,0.084444444,1.2,7.4,0.95,0.141433867,2,0.4574,19,0,,SH3N,Impact,0.315966133
FL,Impact,29.7.2025,N,1,279,Västra Jönisholm 1,28.6,63.3,8,11.3,3.3,0.073333333,0.9,13.9,0.97,0.144411422,2.5,0.5582,25,0,,FL1N,Impact,0.413788578
FL,Impact,29.7.2025,N,2,280,Västra Jönisholm 1,28.6,63.3,8.4,11.3,2.9,0.064444444,1.1,7.3,0.9,0.133989979,1.5,0.3635,12,0,,FL2N,Impact,0.229510021
FL,Impact,29.7.2025,N,3,281,Västra Jönisholm 1,28.6,63.3,9.2,11.4,2.2,0.048888889,1.1,12.5,1.2,0.178653306,2.7,0.611,35,0,,FL3N,Impact,0.432346694
KK,Impact,29.7.2025,N,1,282,Västra Jönisholm 1,28.6,63.3,8.1,10.2,2.1,0.046666667,1,10.6,1.05,0.156321643,2.2,0.5067,20,0,,KK1N,Impact,0.350378357
KK,Impact,29.7.2025,N,2,283,Västra Jönisholm 1,28.6,63.3,6.9,9,2.1,0.046666667,1.4,9.1,0.81,0.120590981,1.7,0.4044,12,0,,KK2N,Impact,0.283809019
SK,Control,29.7.2025,N,1,284,Västra Jönisholm 1,28.6,63.3,8,10.5,2.5,0.054347826,1.2,9.1,1,0.148877755,2,0.5224,14,0,,SK1N,Impact,0.373522245
SK,Control,29.7.2025,N,3,285,Västra Jönisholm 1,28.6,63.3,8,10.9,2.9,0.063043478,1.1,12.6,1.15,0.171209418,2.9,0.6886,28,0,,SK3N,Impact,0.517390582
AL,Control,29.7.2025,N,1,286,Västra Jönisholm 1,28.6,63.3,7.5,10.2,2.7,0.058695652,1.1,13,1.17,0.174186973,2.3,0.5342,25,0,,AL1N,Impact,0.360013027
AL,Control,29.7.2025,N,2,287,Västra Jönisholm 1,28.6,63.3,7.7,10.1,2.4,0.052173913,1.5,11.8,1.58,0.235226853,3.1,0.7548,34,0,,AL2N,Impact,0.519573147
AL,Control,29.7.2025,N,3,288,Västra Jönisholm 1,28.6,63.3,9.4,11.1,1.7,0.036956522,1.1,9.1,1.07,0.159299198,2.1,0.5054,17,0,,AL3N,Impact,0.346100802
VL,Control,29.7.2025,N,1,289,Västra Jönisholm 1,28.6,63.3,7.5,10.5,3,0.065217391,1.2,8.5,0.91,0.135478757,1.6,0.4047,10,0,,VL1N,Impact,0.269221243
VL,Control,29.7.2025,N,2,290,Västra Jönisholm 1,28.6,63.3,8.3,11,2.7,0.058695652,1.1,9,1.16,0.172698196,2.3,0.5592,28,0,,VL2N,Impact,0.386501804
VL,Control,29.7.2025,N,3,291,Västra Jönisholm 1,28.6,63.3,8.4,11,2.6,0.056521739,1.4,12.4,1.11,0.165254308,2.4,0.5701,16,0,,VL3N,Impact,0.404845692
JO,Control,29.7.2025,N,1,292,Västra Jönisholm 1,28.6,63.3,7.5,9.7,2.2,0.047826087,1,6.9,0.88,0.131012424,1.4,0.3407,13,0,därtill 2 tips där * 4& 9 st tips från skurna receptakler,JO1N,Impact,0.209687576
JO,Control,29.7.2025,N,2,293,Västra Jönisholm 1,28.6,63.3,5.5,9.1,3.6,0.07826087,1.1,8.6,0.77,0.114635871,1.4,0.3608,13,0,En av tipsen * med 6 riktit små tips,JO2N,Impact,0.246164129
JO,Control,29.7.2025,N,3,294,Västra Jönisholm 1,28.6,63.3,5.7,9.7,4,0.086956522,1.3,6.8,0.53,0.07890521,1.2,0.2938,6,0,,JO3N,Impact,0.21489479
OK,Impact,29.07.2025,O,1,295,Västra Jönisholm 2,50,111.4,7.9,13.2,5.3,0.115217391,2.4,13.3,1.65,0.245648295,3.9,0.8116,21,4,,OK1O,Impact,0.565951705
OK,Impact,29.07.2025,O,2,296,Västra Jönisholm 2,50,111.4,7.6,13,5.4,0.117391304,1.9,9,1.18,0.175675751,2.5,0.5322,9,3,,OK2O,Impact,0.356524249
OK,Impact,29.07.2025,O,3,297,Västra Jönisholm 2,50,111.4,9.1,12,2.9,0.063043478,1.5,9,1.71,0.254580961,1.4,0.2875,13,0,,OK3O,Impact,0.032919039
SH,Impact,29.07.2025,O,1,298,Västra Jönisholm 2,50,111.4,7.7,13.2,5.5,0.122222222,1.8,13.7,1.17,0.174186973,2.9,0.6119,21,2,,SH1O,Impact,0.437713027
SH,Impact,29.07.2025,O,2,299,Västra Jönisholm 2,50,111.4,9.7,14.7,5,0.111111111,1.3,12.9,1.59,0.23671563,3.5,0.7228,27,0,,SH2O,Impact,0.48608437
SH,Impact,29.07.2025,O,3,300,Västra Jönisholm 2,50,111.4,6.9,12.5,5.6,0.124444444,1.1,14.3,1.23,0.183119638,2.8,0.5874,27,0,,SH3O,Impact,0.404280362
FL,Impact,29.07.2025,O,1,301,Västra Jönisholm 2,50,111.4,8.2,13.3,5.1,0.113333333,1.8,15,1.72,0.256069738,4.1,0.8739,28,3,,FL1O,Impact,0.617830262
FL,Impact,29.07.2025,O,3,302,Västra Jönisholm 2,50,111.4,8,12.1,4.1,0.091111111,1.3,14.9,1.28,0.190563526,3.1,0.6457,25,0,,FL3O,Impact,0.455136474
KK,Impact,29.07.2025,O,1,303,Västra Jönisholm 2,50,111.4,8.5,13.7,5.2,0.115555556,1.8,12.3,1.37,0.203962524,3.2,0.691,25,0,,KK1O,Impact,0.487037476
KK,Impact,29.07.2025,O,2,304,Västra Jönisholm 2,50,111.4,8.2,11,2.8,0.062222222,1.3,12,1.23,0.183119638,2.4,0.5043,24,0,,KK2O,Impact,0.321180362
SK,Control,29.07.2025,O,1,305,Västra Jönisholm 2,50,111.4,9.1,14,4.9,0.106521739,2.1,15.5,2.46,0.366239277,4.8,1.0443,29,0,,SK1O,Impact,0.678060723
SK,Control,29.07.2025,O,2,306,Västra Jönisholm 2,50,111.4,8.2,10.3,2.1,0.045652174,1.5,15.4,1.13,0.168231863,3.7,0.9367,29,0,,SK2O,Impact,0.768468137
SK,Control,29.07.2025,O,3,307,Västra Jönisholm 2,50,111.4,8.7,12,3.3,0.07173913,0.9,13.4,1.85,0.275423846,3.8,0.8539,31,0,,SK3O,Impact,0.578476154
AL,Control,29.07.2025,O,1,308,Västra Jönisholm 2,50,111.4,7.9,11.5,3.6,0.07826087,1.2,10.3,0.84,0.125057314,1.9,0.4112,18,0,,AL1O,Impact,0.286142686
AL,Control,29.07.2025,O,2,309,Västra Jönisholm 2,50,111.4,7.9,12.2,4.3,0.093478261,1.6,13.3,1.19,0.177164528,2.5,0.5275,17,0,,AL2O,Impact,0.350335472
AL,Control,29.07.2025,O,3,310,Västra Jönisholm 2,50,111.4,8.1,12,3.9,0.084782609,2.1,10.7,1.16,0.172698196,2.7,0.5633,23,0,,AL3O,Impact,0.390601804
VL,Control,29.07.2025,O,1,311,Västra Jönisholm 2,50,111.4,8.6,13.5,4.9,0.106521739,1.8,13.1,1.41,0.209917634,3,0.6907,17,0,,VL1O,Impact,0.480782366
VL,Control,29.07.2025,O,2,312,Västra Jönisholm 2,50,111.4,8.1,12,3.9,0.084782609,0.9,12.1,0.94,0.13994509,2.2,0.4993,19,0,,VL2O,Impact,0.35935491
VL,Control,29.07.2025,O,3,313,Västra Jönisholm 2,50,111.4,8.9,13.4,4.5,0.097826087,1.2,13,1.04,0.154832865,2.3,0.4791,13,0,,VL3O,Impact,0.324267135
JO,Control,29.07.2025,O,1,314,Västra Jönisholm 2,50,111.4,8.5,12.2,3.7,0.080434783,1,10.6,1.24,0.184608416,2.9,0.6592,25,0,,JO1O,Impact,0.474591584
JO,Control,29.07.2025,O,2,315,Västra Jönisholm 2,50,111.4,8.5,12.8,4.3,0.093478261,2.1,12,1.48,0.220339077,3.3,0.7302,24,0,,JO2O,Impact,0.509860923
JO,Control,29.07.2025,O,3,316,Västra Jönisholm 2,50,111.4,8.2,11.7,3.5,0.076086957,1.2,13.9,1.41,0.209917634,3.1,0.6862,28,0,,JO3O,Impact,0.476282366
OK,Impact,29.7.2025,P,1,317,Västra Jönisholm 3,43,314.7,9.9,12.2,2.3,0.05,1.5,13.5,2.79,0.415368936,4.5,0.9505,33,0,,OK1P,Impact,0.535131064
OK,Impact,29.7.2025,P,2,318,Västra Jönisholm 3,43,314.7,9.2,12,2.8,0.060869565,1.5,19,2.72,0.404947493,5.7,1.1853,50,0,,OK2P,Impact,0.780352507
OK,Impact,29.7.2025,P,3,319,Västra Jönisholm 3,43,314.7,8.1,12.5,4.4,0.095652174,1.8,15,1.73,0.257558516,3.4,0.7274,15,0,,OK3P,Impact,0.469841484
SH,Impact,29.7.2025,P,1,320,Västra Jönisholm 3,43,314.7,7.8,10.8,3,0.066666667,1.5,6.3,1.36,0.202473747,1.6,0.3719,13,0,,SH1P,Impact,0.169426253
SH,Impact,29.7.2025,P,2,321,Västra Jönisholm 3,43,314.7,9.6,13,3.4,0.075555556,1.6,9.7,1.9,0.282867734,3,0.676,28,0,,SH2P,Impact,0.393132266
FL,Impact,29.7.2025,P,1,322,Västra Jönisholm 3,43,314.7,11.4,15.5,4.1,0.091111111,1.7,13.1,3.55,0.52851603,6.4,1.4021,41,0,,FL1P,Impact,0.87358397
FL,Impact,29.7.2025,P,3,323,Västra Jönisholm 3,43,314.7,10.5,14.1,3.6,0.08,2,13,2.08,0.30966573,3.8,0.8796,30,0,,FL3P,Impact,0.56993427
KK,Impact,29.7.2025,P,1,324,Västra Jönisholm 3,43,314.7,9.1,12.1,3,0.066666667,1.5,14.1,2.2,0.327531061,4,0.9386,29,0,,KK1P,Impact,0.611068939
KK,Impact,29.7.2025,P,2,325,Västra Jönisholm 3,43,314.7,8.2,12.4,4.2,0.093333333,1.7,7.8,1.17,0.174186973,2,0.4315,8,0,,KK2P,Impact,0.257313027
SK,Control,29.7.2025,P,1,326,Västra Jönisholm 3,43,314.7,9.2,13,3.8,0.082608696,1.5,7,1.96,0.291800399,3,0.7116,19,0,,SK1P,Impact,0.419799601
SK,Control,29.7.2025,P,2,327,Västra Jönisholm 3,43,314.7,8.5,10.7,2.2,0.047826087,1.7,12,2.23,0.331997393,3.8,0.913,27,0,,SK2P,Impact,0.581002607
SK,Control,29.7.2025,P,3,328,Västra Jönisholm 3,43,314.7,9.3,11.9,2.6,0.056521739,1.4,7.1,1.84,0.273935069,3.1,0.7489,26,0,,SK3P,Impact,0.474964931
AL,Control,29.7.2025,P,1,329,Västra Jönisholm 3,43,314.7,9.6,12.9,3.3,0.07173913,1.5,14.5,1.77,0.263513626,3.3,0.7944,27,0,,AL1P,Impact,0.530886374
AL,Control,29.7.2025,P,2,330,Västra Jönisholm 3,43,314.7,8.6,12.5,3.9,0.084782609,1.6,14.2,1.79,0.266491181,3,0.6992,14,0,,AL2P,Impact,0.432708819
AL,Control,29.7.2025,P,3,331,Västra Jönisholm 3,43,314.7,9.4,13.1,3.7,0.080434783,2.1,8.7,1.45,0.215872744,2.6,0.6072,12,0,,AL3P,Impact,0.391327256
VL,Control,29.7.2025,P,1,332,Västra Jönisholm 3,43,314.7,8.2,11,2.8,0.060869565,1.5,10.8,1.38,0.205451302,2.8,0.6967,26,0,,VL1P,Impact,0.491248698
VL,Control,29.7.2025,P,2,333,Västra Jönisholm 3,43,314.7,8.7,12,3.3,0.07173913,1.9,13.1,2.09,0.311154508,3.8,0.8954,38,0,,VL2P,Impact,0.584245492
VL,Control,29.7.2025,P,3,334,Västra Jönisholm 3,43,314.7,8.5,12.3,3.8,0.082608696,1.4,11,1.85,0.275423846,3.3,0.735,22,0,,VL3P,Impact,0.459576154
JO,Control,29.7.2025,P,1,335,Västra Jönisholm 3,43,314.7,8.1,11.1,3,0.065217391,1.2,9.5,1.18,0.175675751,2.3,0.5702,23,0,,JO1P,Impact,0.394524249
JO,Control,29.7.2025,P,2,336,Västra Jönisholm 3,43,314.7,9.4,12.8,3.4,0.073913043,1.3,11.7,2.37,0.352840279,3.6,0.8809,32,0,,JO2P,Impact,0.528059721
JO,Control,29.7.2025,P,3,337,Västra Jönisholm 3,43,314.7,9.5,12.7,3.2,0.069565217,1.4,14.3,2.78,0.413880158,4.7,1.0935,45,0,,JO3P,Impact,0.679619842